Time,x,y,z
0,19,0.1,12.5
15.5,14.1627,0.0940448,3.88378
31,9.49598,0.105273,1.39039
46.5,6.44855,0.120454,0.668837
62,4.4599,0.137014,0.460031