Time,v,x,y,z
0,19.1,19,0.1,12.5
15.5,14.2567448,,,3.88378
31,9.601253,,,1.39039
46.5,6.569004,,,0.668837
62,4.596914,,,0.460031