Time,EmptySet,u,v
0,1,0,0
1,1,9.86924e-005,0.0149645
2,1,0.00030252,0.0297688
3,1,0.000542638,0.0443478	
4,1,0.000794405,0.0586798	
5,1,0.00104942,0.072758	
6,1,0.00130518,0.0865807	
7,1,0.00156134,0.100147	
8,1,0.00181833,0.113458	
9,1,0.00207685,0.12651	
10,1,0.00233774,0.139303
